,P_mm,EP_mm,Q_mm,RC
1981-01-01,43.52240818065836,92.3967701118065,0.5962406504065041,0.013699624522879166
1981-02-01,204.45345041021483,96.070324688697,13.549619512195122,0.06627239347151737
1981-03-01,26.670978731632896,82.4178635966331,3.350230894308943,0.12561334655242437
1981-04-01,86.3735927895934,67.5428070218343,15.3104,0.1772578806267354
1981-05-01,130.44446220214107,42.29291978486194,21.897378861788617,0.16786744712746574
1981-06-01,22.388532248364914,39.31854379297433,11.556344715447155,0.5161725023886343
1981-07-01,31.54764026562166,41.245372007022084,6.439362601626017,0.20411550744868767
1981-08-01,17.392840268553407,45.601522071046276,5.353326829268293,0.30778911015167615
1981-09-01,28.38825663752572,60.4418202813141,2.461658536585366,0.08671397359890573
1981-10-01,151.128097772674,84.9410811826937,3.706159349593496,0.024523297813013427
1981-11-01,146.20692205795615,103.95444837652249,12.24729756097561,0.08376687908196853
1981-12-01,133.32118723535456,119.2731533496937,3.0232455284552846,0.022676407187390918
1982-01-01,186.38258602009606,123.0010269614382,10.934673170731706,0.058667890623390714
1982-02-01,99.85435869829905,99.2675746434866,6.3112715447154475,0.06320476769356044
1982-03-01,209.6497688614177,89.1902682106568,62.50138536585366,0.2981228441380644
1982-04-01,36.41815895461406,70.522102688339,10.533151219512195,0.28922799839055785
1982-05-01,21.287007236707492,50.3439521423093,3.747967479674797,0.1760683142537656
1982-06-01,31.97779468429651,35.126537716201085,4.060123577235772,0.1269669662126387
1982-07-01,27.928242826084198,34.99138435338956,4.436617886178862,0.1588577524839903
1982-08-01,10.672043050888572,47.66402394225663,2.7423739837398373,0.25696803982734145
1982-09-01,94.85094967009447,67.6315985930524,10.082406504065041,0.10629737012790205
1982-10-01,183.13732030785906,100.6450979415614,52.57862764227642,0.2870994702439145
1982-11-01,31.523660490330915,105.7864680407128,3.2946471544715448,0.10451347030215906
1982-12-01,145.39483735992295,104.7736149577716,1.1135349593495936,0.00765869668806089
1983-01-01,85.98343144586568,121.920535999363,1.9826341463414634,0.023058327784809454
1983-02-01,114.78118443724152,89.7365007311584,0.7954731707317073,0.006930344678283445
1983-03-01,119.68735552275297,95.1982788146292,3.6385560975609756,0.030400505397324733
1983-04-01,127.78819653493873,65.12583880438056,4.009730081300813,0.031377937791026794
1983-05-01,106.07547977713575,48.41107326703127,20.317957723577237,0.1915424541681565
1983-06-01,37.12208075081922,36.985102713318554,17.502321951219514,0.47148008940294295
1983-07-01,40.74503915503184,38.93143727673703,7.805476422764228,0.19156875498548354
1983-08-01,16.752366224109892,25.7969758470752,3.6930211382113822,0.2204477319088459
1983-09-01,6.522316782339859,24.7989372035304,1.2122276422764229,0.1858584430548834
1983-10-01,118.9404615776542,99.8471628090031,8.991414634146341,0.07559592854174355
1983-11-01,88.38670862827892,100.1035389816615,4.719518699186992,0.05339624896584285
1983-12-01,185.843395374219,121.86334828822841,18.531108943089432,0.09971357284865959
1984-01-01,270.18577145268193,118.274278366393,49.44429268292683,0.1830010974193217
1984-02-01,178.85299413324393,107.6904432401738,62.44018211382114,0.34911454748866966
1984-03-01,104.536790786976,99.6402216841035,31.047544715447156,0.29700112737070267
1984-04-01,104.08586618993918,70.97685665434399,63.179759349593496,0.6069965276005973
1984-05-01,33.20142883135702,52.6920040055854,13.289977235772358,0.4002832921220748
1984-06-01,43.44802790952117,36.743731090181164,8.768455284552845,0.20181480510031
1984-07-01,72.8398525866417,37.43421295645961,25.543349593495936,0.35067821647651715
1984-08-01,17.046994126037735,57.7322635872228,16.2317918699187,0.9521791202547616
1984-09-01,41.140465703296144,67.3028254986864,7.2215544715447155,0.17553409637183884
1984-10-01,109.72961348329886,93.148658644741,6.235694308943089,0.05682781622020548
1984-11-01,186.64536729225583,120.4612678802996,92.7558113821138,0.4969628377481961
1984-12-01,96.68708257083252,130.4943062585164,8.053190243902439,0.08329127355769275
1985-01-01,42.062890351401485,111.0601550967574,3.2164943089430897,0.07646869442570106
1985-02-01,142.01376033888192,93.1812307004201,10.30338861788618,0.07255204420543195
1985-03-01,73.63936076642113,89.0516670073232,8.305326829268292,0.11278379853964518
1985-04-01,119.6404508057057,68.1791792778942,13.448052032520325,0.11240388967072483
1985-05-01,84.6077944979396,53.29899488212094,103.64915772357723,1.225054480365888
1985-06-01,29.332753406869653,38.140371910241086,16.151713821138213,0.5506374937633889
1985-07-01,109.6290437711201,46.50929019834756,104.76979512195123,0.9556755355878699
1985-08-01,55.754972680254824,55.22102563983,20.209456910569106,0.3624691384294431
1985-09-01,84.01675967789755,77.17795852578129,15.063206504065041,0.1792881153928595
1985-10-01,144.14729539504856,103.6070745972246,47.684760975609755,0.3308057972570724
1985-11-01,134.5848424812782,107.8530573075577,21.953352845528457,0.1631190588834871
1985-12-01,123.79978319524118,138.3427869442807,11.212656910569105,0.09057089294644352
1986-01-01,147.5149012527983,132.6704810175122,9.588630894308944,0.0650011003151253
1986-02-01,106.7576440861742,106.1161126330694,4.889534959349593,0.04580032653589458
1986-03-01,44.67675218318989,94.023863519504,2.225990243902439,0.04982435237850597
1986-04-01,31.383874247289643,66.5423534304235,1.3017886178861788,0.041479538428835096
1986-05-01,44.684568426547976,44.47128606174608,1.967570731707317,0.04403244343607322
1986-06-01,27.063152667614368,32.49268537639597,2.319492682926829,0.08570666955969597
1986-07-01,53.46724691305629,40.490359253899314,4.625404878048781,0.0865091274583523
1986-08-01,97.91816082971077,55.2810257770947,16.420448780487803,0.16769564135344173
1986-09-01,80.80763546250873,70.1657964042631,6.0997463414634145,0.07548477698364822
1986-10-01,47.61955643073359,95.6758382168378,7.15880325203252,0.15033326197495278
1986-11-01,149.1677281652376,99.5108202364876,10.575843902439024,0.07089900766420362
1986-12-01,34.25452448267998,107.11307394846659,2.9372227642276423,0.0857470015592475
1987-01-01,178.23680278128077,128.4629664733908,3.2568715447154473,0.01827272198498782
1987-02-01,73.90416113133803,95.4397942935943,0.918790243902439,0.01243218554730119
1987-03-01,159.6884744206831,91.6292913405592,5.203655284552846,0.032586292175629056
1987-04-01,28.757793218569308,67.0643171706723,1.5831284552845528,0.055050415143200374
1987-05-01,93.47053447227579,51.21322665021503,7.303739837398374,0.0781394893977495
1987-06-01,28.47243095052365,36.99070367585444,5.181346341463414,0.18197765938802363
1987-07-01,24.6067720884066,38.37595923836653,3.4887414634146343,0.14177972839673447
1987-08-01,153.8100460170802,53.1050369468041,31.479310569105692,0.20466355341711553
1987-09-01,13.673129247795389,79.1328819167918,12.109970731707316,0.8856766079103573
1987-10-01,86.06443521930561,86.1050196617228,5.906211382113821,0.0686254591349362
1987-11-01,118.74972530462976,108.615642232102,21.645346341463412,0.18227702241783217
1987-12-01,144.19518666062737,111.8262066433004,3.120494308943089,0.02164076611161351
1988-01-01,149.4294902954146,128.2291125642908,15.921586991869917,0.10654916215262288
1988-02-01,94.89410870927541,106.5960906624409,28.669372357723578,0.3021196231007046
1988-03-01,74.86773237237092,82.5408221424071,7.548852032520325,0.10082917958533151
1988-04-01,257.6638197544901,62.5560722714017,115.15549918699188,0.4469214936606759
1988-05-01,29.53721629301426,50.138082783850486,16.728819512195123,0.5663641199713053
1988-06-01,47.28675701181265,40.41218009138156,14.957541463414634,0.3163156538664326
1988-07-01,71.64690710958119,42.26600311463162,33.6679674796748,0.46991515527922145
1988-08-01,59.92343013182175,53.29862631494746,7.259824390243902,0.1211516826435582
1988-09-01,74.9663396502099,81.66731438209018,20.09679349593496,0.2680775610721537
1988-10-01,14.704616733988413,97.6780720201213,5.217964227642277,0.35485210679319623
1988-11-01,141.81466274301292,100.243048087793,3.7074731707317072,0.02614308773874915
1988-12-01,150.5824170412275,112.8503984563,27.449547967479674,0.18228919754930184
1989-01-01,209.34050373893874,128.9343267067993,23.92217235772358,0.11427397914144741
1989-02-01,74.82810053951022,101.0983074126528,14.885255284552844,0.1989260074387861
1989-03-01,169.2224837785748,86.71279820808479,61.95391219512195,0.3661092238557836
1989-04-01,183.96247782391433,69.3441844504776,155.39661788617886,0.8447190955697051
1989-05-01,83.81129883586885,48.63766322541255,66.7619512195122,0.7965745925290443
1989-06-01,38.460306268428866,17.291580493214006,17.616533333333333,0.45804454104917824
1989-08-01,6.229312433940451,26.8672586247029,5.4813528455284555,0.8799290296732056
1989-09-01,22.49228595782501,71.6716374016988,6.911791869918699,0.307296105112611
1989-10-01,50.36463944106089,78.09994007290369,4.059863414634147,0.08060940095451677
1989-11-01,148.4304033610003,106.774969936832,8.911076422764227,0.06003538507600384
1989-12-01,148.85787009465304,129.7975049657847,10.919570731707317,0.07335568300664237
1990-01-01,131.6673580116846,121.6822814216941,6.512156097560975,0.049459153702947886
1990-02-01,141.26267741801078,14.1872554959393,110.65216260162602,0.7833078391555252
1990-04-01,38.668867701932506,21.0311994889522,56.83997398373983,1.4699156546779157
1990-05-01,84.20590303919484,48.30309083221009,33.50794146341464,0.3979286517219332
1990-06-01,69.54030420113574,42.6569303679849,50.63003577235772,0.728067504938105
1990-07-01,77.3670257534221,44.51956761383004,25.10371382113821,0.3244756222262793
1990-08-01,75.49274215525803,57.6005651150232,34.562666666666665,0.45782767561397153
1990-09-01,83.85102753323608,74.8229390107641,33.517840650406505,0.399730827831788
1990-10-01,59.399940271177506,100.6664449334977,13.285385365853658,0.2236599111918652
1990-11-01,24.765001119675794,97.6914774524844,7.032533333333333,0.28397064467507677
1990-12-01,86.81963392493923,108.9101369698537,3.514809756097561,0.04048404257424449
1991-01-01,155.53277622111094,115.6310358246539,5.918543089430894,0.03805334948189237
1991-02-01,53.4615512784042,94.5265794446857,3.2697365853658535,0.06116052578307177
1991-03-01,41.56449221855662,79.0843678651909,1.892839024390244,0.04553980870107151
1991-04-01,18.390167581754067,51.815911210877175,1.3427642276422764,0.07301533396435764
1991-05-01,104.5462331542716,41.890877987537095,2.1242146341463415,0.020318423438669336
1991-06-01,87.37867695310312,40.85504115555066,15.445541463414635,0.1767655680081353
1991-07-01,41.005643456754974,38.99846929744727,5.129144715447154,0.1250838734150437
1991-08-01,9.727492301173834,52.0219415841199,2.624013008130081,0.26975225750766585
1991-09-01,16.10921292572662,60.894227458824396,1.6594731707317074,0.10301391994648648
1991-10-01,38.2662293699142,65.13279568411279,0.7118829268292683,0.018603424966374328
1991-11-01,109.03058230232065,83.3077239427632,0.6125268292682927,0.005617935961947582
1991-12-01,229.6666708135522,113.2154809933929,4.325554471544716,0.018834053962737518
1992-01-01,103.51771799403735,126.4255217650949,6.215609756097561,0.060043921722227125
1992-02-01,246.82920307992384,95.0062984983295,53.11517398373984,0.2151899909774494
1992-03-01,85.33479553060361,92.0071147360231,19.079661788617887,0.22358595541223683
1992-04-01,93.90663933403161,68.429604482428,29.20559349593496,0.3110066945538206
1992-05-01,24.747254860510687,44.89765151181042,7.485164227642277,0.3024644256436858
1992-06-01,26.388830056017536,34.75335816795707,4.820318699186992,0.18266511584464118
1992-07-01,22.587300157612223,41.883770438593004,6.041313821138211,0.26746507014926296
1992-08-01,35.71072134516204,52.88351569638373,3.6111219512195123,0.10112150679669017
1992-09-01,28.212759479546126,61.6917444319022,3.0795447154471542,0.1091543249315893
1992-10-01,51.17877203771201,69.360834581887,2.163707317073171,0.04227743712722931
1992-11-01,143.99460129187827,104.6610375607279,3.569639024390244,0.024790089297546343
1992-12-01,162.71684536452878,122.5125280865269,19.14258211382114,0.11764351792180269
1993-01-01,158.7602995948629,126.7710106774236,4.968156097560976,0.03129344118296016
1993-02-01,103.14823175251917,112.52992825715,4.419720325203252,0.042848241313601675
1993-03-01,101.97083831020629,90.6088313580044,14.131850406504066,0.13858717492851685
1993-04-01,28.436094167331145,67.9803682604043,5.151479674796748,0.181159889416706
1993-05-01,38.225619640732205,44.45920573631164,3.271310569105691,0.08557900695532139
1993-06-01,49.726430274388136,36.983517397344556,6.03970081300813,0.12145856398059023
1993-07-01,45.03808813697167,36.410858763977025,6.372865040650407,0.14149945755399274
1993-08-01,42.07645795272026,53.6041463186881,7.71210406504065,0.18328786310165301
1993-09-01,54.70085010040512,68.8879607764248,4.440689430894309,0.08118136048604883
1993-10-01,101.04038865133502,90.0669688527494,5.094439024390244,0.050419828074591756
1993-11-01,95.69859570262442,100.8788319483949,3.885450406504065,0.04060091350324289
1993-12-01,103.39450832914132,113.6161239797583,8.869047154471545,0.08577870621753168
1994-01-01,94.35445419590727,108.9954915187856,3.0319609756097563,0.032133734453219605
1994-02-01,109.12053378417824,86.1776319408514,2.565359349593496,0.023509409829934835
1994-03-01,91.37016647109031,82.0962472893477,6.516591869918699,0.07132078359494463
1994-04-01,72.62555905456053,70.0327185467097,7.072143089430894,0.09737815696699685
1994-05-01,28.515272380125342,49.8853410911927,3.128039024390244,0.10969697159794391
1994-06-01,34.91983071310467,34.49767387027271,1.775271544715447,0.050838492296849114
1994-07-01,17.002168192929062,35.21965837112088,2.1945756097560976,0.12907622044750666
1994-08-01,27.634069222956512,39.809772020978976,1.3565918699186992,0.049091281453103354
1994-09-01,6.956551712365079,51.1064735193682,0.8545040650406504,0.1228344300987216
1994-10-01,50.41102072997866,60.810432831366796,0.2661073170731707,0.005278752804838978
1994-11-01,102.4241860708918,83.4188425428224,0.44470894308943093,0.004341835265174872
1994-12-01,99.47702003195639,100.1973778762044,1.9707186991869918,0.019810793473245485
1995-01-01,159.28765294889655,103.6432219366177,22.776325203252032,0.1429886421300918
1995-02-01,95.17898106323402,86.6143111630829,15.443095934959349,0.162253217700444
1995-03-01,184.37821274917982,100.7125406756677,130.60321300813007,0.7083440665833823
1995-04-01,26.973319251824016,64.7966433646644,5.65610406504065,0.20969254885670652
1995-05-01,89.39854087919748,46.414735946949925,8.925047154471544,0.09983437164295318
1995-06-01,48.39898145201538,40.00077114545965,9.338861788617887,0.19295575048158392
1995-07-01,11.080457485669049,39.57191029446791,5.6874666666666664,0.5132880726290022
1995-08-01,3.9994084761622912,42.850808865724744,2.6405463414634145,0.6602342214359662
1995-09-01,102.17997785498106,69.05879811064,5.029047154471544,0.049217540070413984
1995-10-01,71.20388213100492,85.0145083565699,3.512481300813008,0.0493299128599554
1995-11-01,138.02629171194994,98.0838615452417,14.641378861788619,0.10607673857053285
1995-12-01,146.33362987421066,121.1602218652367,16.09221463414634,0.10996935323738852
1996-01-01,221.33182509421877,117.7211947413602,59.42233495934959,0.2684762344233781
1996-02-01,132.10261244116617,108.5877623577155,17.63920650406504,0.13352655317033127
1996-03-01,51.97968210049395,91.7985256470918,13.756617886178862,0.2646537518175421
1996-04-01,36.687307193102825,64.0827925780225,4.5050536585365855,0.12279597504456612
1996-05-01,155.43478711971952,52.9862984905775,43.81757398373984,0.2819032650007139
1996-06-01,63.15918564762777,39.6681592525953,11.607492682926829,0.1837815444246913
1996-07-01,41.06685921792974,37.62724371727573,8.562419512195122,0.20849949753295915
1996-08-01,70.53963952633407,58.0332388174965,7.146406504065041,0.10131050501607855
1996-09-01,47.73398830069903,79.5521263241554,14.131512195121951,0.2960471709613044
1996-10-01,64.0339814162373,94.323530028319,7.975583739837399,0.12455236365819673
1996-11-01,154.52976264753306,107.6034969366607,21.254556097560975,0.1375434462165097
1996-12-01,133.38589155889576,125.4875444162405,9.770757723577235,0.073251808038956
1997-01-01,142.69117363051933,98.2124294428551,5.868305691056911,0.04112591929653717
1997-02-01,157.9422907425152,100.9955722115489,38.90748617886179,0.24633988779034846
1997-03-01,89.39215026201633,101.0501821228208,22.525177235772357,0.2519816020729903
1997-04-01,19.744280652583562,70.3862972945327,5.033573983739838,0.25493833238645686
1997-05-01,68.21035892985242,46.95933898449406,8.199570731707317,0.12021005108827768
1997-06-01,33.135033499969495,36.96293781905002,12.570991869918698,0.37938672583295474
1997-07-01,22.3751124142322,36.772227608020025,7.3698601626016265,0.3293775703184338
1997-08-01,15.092362212531746,49.231912380961866,3.4913040650406506,0.23132919922513467
1997-09-01,92.39207103637567,65.09290555103622,3.7372357723577236,0.04044974563765691
1997-10-01,68.06999525989899,93.1433847490638,6.488572357723577,0.095322062723076
1997-11-01,93.75775271053047,106.3586809711508,2.3050146341463416,0.02458478971080812
1997-12-01,94.52197808627115,113.8473021139549,1.48290081300813,0.01568842340195919
1998-01-01,120.46477363112504,118.3641628421469,2.8060747967479673,0.02329373734881571
1998-02-01,137.1607594112528,100.0017934058926,3.197515447154472,0.023312173692238574
1998-03-01,51.87064074383549,87.1772104795086,0.7070829268292683,0.013631659773034535
1998-04-01,89.85192854045296,60.399270635110824,1.620370731707317,0.0180337891242679
1998-05-01,126.14258243028013,49.82758777102123,14.298718699186992,0.11335362273156245
1998-06-01,61.997221577016475,38.06457931603329,11.985560975609756,0.19332416309528663
1998-07-01,100.40082298135147,40.11780529701785,20.136923577235773,0.20056532386169804
1998-08-01,102.54534437870545,55.36774576486701,36.59513495934959,0.3568678342353779
1998-09-01,111.459591161019,74.4101071044571,26.100227642276423,0.2341676240725752
1998-10-01,82.9069346326481,105.1241173143586,9.175167479674796,0.11066827546246881
1998-11-01,143.93263676857947,100.6812520788841,16.214139837398374,0.11265089142685618
1998-12-01,106.03047441641407,128.4536134905914,6.4814439024390245,0.061128123193945304
1999-01-01,143.49075569862003,120.7454477687161,6.299408130081301,0.043901142616547546
1999-02-01,133.59507202999805,98.4553602202563,21.55578536585366,0.16135165046367447
1999-03-01,112.38046233996681,95.3515181346948,13.508773983739838,0.12020571638933006
1999-04-01,129.6098708408787,64.5888327820196,48.52706341463415,0.37440870128024856
1999-05-01,21.097404587861927,48.479116652023656,10.484526829268292,0.49695813461815136
1999-06-01,71.83828968718183,38.244359163710854,12.620773983739838,0.17568310769502873
1999-07-01,129.62962299959253,42.49993957497533,76.01060162601625,0.5863675282481936
1999-08-01,47.77950541464465,52.94559548646507,13.193261788617887,0.27612805268959706
1999-09-01,70.6821064685644,79.01943546338251,13.566243902439025,0.19193321450419082
1999-10-01,133.13541072944292,99.3232771631074,19.491082926829268,0.14640044162584923
1999-11-01,97.93056988449707,102.2622718570121,25.832767479674796,0.2637865531686675
1999-12-01,95.14869116824951,108.0097564062154,12.007817886178861,0.12620055766133115
2000-01-01,109.18335042556616,117.4349998552705,13.981073170731706,0.1280513294035894
2000-02-01,33.660445092851994,97.6797053243354,6.303622764227642,0.18727092725123398
2000-03-01,223.44083019623227,84.2079369701586,46.07523902439025,0.20620778657117245
2000-04-01,70.6243282409723,68.3168901813403,19.993782113821137,0.28310049258949066
2000-05-01,24.283418600099147,49.904378720313815,14.965164227642276,0.6162708996657157
2000-06-01,21.43329704003292,35.675272571616325,6.6157918699186995,0.3086688836328719
2000-07-01,38.33853075925952,41.54498481137912,8.8322081300813,0.23037419418969637
2000-08-01,33.00330493362012,49.20963286760426,8.366022764227642,0.2534904543970462
2000-09-01,18.356714850085066,67.9647791603328,5.954536585365854,0.3243792058652728
2000-10-01,67.77274685916161,73.0364919936342,4.073079674796748,0.06009907910713735
2000-11-01,212.99393892385694,89.690261830869,30.097092682926828,0.14130492555323942
2000-12-01,102.05547800438633,129.416520755642,11.190738211382113,0.10965347897249707
2001-01-01,160.29656939966492,117.5429307091998,3.3621983739837398,0.02097486169901006
2001-02-01,107.56523460718655,105.0960118651681,27.591323577235773,0.25650781758618846
2001-03-01,244.7302824752264,99.8258147491718,173.78234796747967,0.7100974436421505
2001-04-01,49.12525879167474,73.1718250492945,17.98660162601626,0.3661375444817901
2001-05-01,70.7184250241963,52.14476752520295,53.04418861788618,0.7500759328242549
2001-06-01,7.955014526653086,37.88298110451477,10.974334959349594,1.3795493298699013
2001-07-01,57.155563273967175,38.85728244936355,8.388565853658537,0.14676726766647585
2001-08-01,25.734911692353897,54.7499390602331,8.704728455284553,0.3382459034382782
2001-09-01,24.55597323538734,65.3120395389055,7.776559349593496,0.3166870754846231
2001-10-01,37.034468591375195,82.2516682542523,4.615219512195122,0.12461956895123212
2001-11-01,128.77575527340832,87.08671485063189,6.2064910569105685,0.04819611458487158
2001-12-01,95.63105776465714,121.9756756492106,4.8257560975609755,0.050462226502156864
2002-01-01,82.44297938582181,101.7261826505117,1.3361040650406504,0.016206401988310817
2002-02-01,141.76935741904109,87.7553850764088,18.422139837398376,0.1299444405531607
2002-03-01,132.4498115587955,88.9488908585622,3.90489756097561,0.02948209223568579
2002-04-01,45.94280212005185,68.7969162056023,8.57040650406504,0.18654514110110113
2002-05-01,40.26195408196622,46.571722692769534,3.695479674796748,0.09178589959328363
2002-06-01,17.435919597848372,39.998329671879134,4.668539837398374,0.2677541503445841
2002-07-01,5.116114819051272,36.38634638093077,2.3446243902439026,0.45828220694208105
2002-08-01,38.48099019607143,45.20938038912032,2.022360975609756,0.05255480603033498
2002-09-01,34.579544682552,66.7282600333275,2.1118048780487806,0.061070927840017115
2002-10-01,18.623259231766166,60.3527110142569,0.5421268292682927,0.029110201523886495
2002-11-01,74.38438571007124,63.0208805524245,0.17495934959349593,0.002352097794763497
2002-12-01,113.62286492606358,104.5160641870779,5.153053658536585,0.04535225952883488
2003-01-01,42.20307626171574,86.2606013670495,1.3384845528455285,0.03171533147359039
2003-02-01,160.82145075860538,63.6333240183449,5.206855284552845,0.03237662177521572
2003-03-01,101.05499119585498,90.740731802901,11.339030894308943,0.11220653982674376
2003-04-01,94.20799909380321,61.6233283269321,6.689066666666667,0.07100317097284214
2003-05-01,60.37234170543435,53.2271687257976,37.566777235772356,0.6222514511540111
2003-06-01,33.95255942203672,39.82846053199492,11.19959674796748,0.32986016190280026
2003-07-01,19.166708196049647,39.5202653976658,5.935271544715447,0.30966567049519417
2003-08-01,43.54078463085981,47.22300650936289,4.29069268292683,0.09854422053491828
2003-09-01,12.431432505790298,62.5084946938506,2.6338341463414636,0.21186891736850758
2003-10-01,98.40829998315508,85.5935348065259,4.210211382113821,0.04278309230862131
2003-11-01,112.38864218899852,92.7736606860558,3.4522016260162602,0.030716641457513655
2003-12-01,118.20138596520435,114.0805692858517,8.59410731707317,0.07270733119494106
2004-01-01,173.17914560552765,116.2252404134326,10.14128130081301,0.05855948339133805
2004-02-01,145.9936983201794,97.889660852324,17.134933333333333,0.11736762292133075
2004-03-01,143.04523783041714,90.1503664961964,35.541931707317076,0.2484663750180395
2004-04-01,41.124784199274444,70.9646690286997,8.037684552845528,0.19544624268173874
2004-05-01,16.22585960762034,50.3835696294732,3.649040650406504,0.22489043654074034
2004-06-01,18.628743029318212,35.878614929702515,2.5130536585365855,0.13490194451560697
2004-07-01,49.63559671956517,34.06287644916411,2.895739837398374,0.05833998236706888
2004-08-01,37.51474866055964,52.201246620131585,3.666991869918699,0.09774800580695123
2004-09-01,82.6890888031433,66.9725215557068,3.2924878048780486,0.039817681540988144
2004-10-01,199.76328436931695,95.2725031789444,36.66111219512195,0.18352277452218838
2004-11-01,77.77013542502402,113.2299766359897,7.6674341463414635,0.09859098360106906
2004-12-01,166.51068612146886,120.3199803682116,7.255544715447154,0.0435740485157467
2005-01-01,109.36780440827353,117.549806064743,8.384572357723577,0.07666399086173202
2005-02-01,117.56769255623418,109.3302933919319,9.762731707317073,0.08303923888484441
2005-03-01,118.96671632540057,93.02043475647,15.137092682926829,0.12723804733353736
2005-04-01,41.43967657317861,68.2655271815264,6.400884552845528,0.15446270536262902
2005-05-01,70.12337126954591,49.41644142780996,10.375557723577236,0.14796147897246445
2005-06-01,121.72982612649041,37.000636486271986,8.078100813008131,0.06636089995408449
2005-07-01,18.604080929976462,41.87577205700825,38.08620487804878,2.047196258788634
2005-08-01,11.667438677132338,51.2695088983972,4.686530081300813,0.4016759985622383
2005-09-01,76.12726766951249,72.1513653152953,4.9869918699186995,0.06550861501516747
2005-10-01,99.47909785679269,90.1270126333773,6.411291056910569,0.06444862483715004
2005-11-01,153.6575805712938,106.4215336329348,15.205632520325203,0.09895790668960922
2005-12-01,56.33280165116624,130.1717227448475,6.679921951219512,0.11857961534709538
2006-01-01,129.29866801745848,112.63650111293771,6.492656910569106,0.05021441450342271
2006-02-01,93.01096339208678,85.7123797010969,2.2884032520325204,0.02460358616420066
2006-03-01,90.60023727208328,92.2137500513551,7.172136585365854,0.07916244814930314
2006-04-01,18.85823730302202,62.5426225365599,3.3349333333333333,0.1768422615404735
2006-05-01,8.180176658633394,35.29664405441398,1.4580162601626017,0.1782377473014357
2006-06-01,58.09809052685911,29.902853710430545,1.692461788617886,0.029131108669319356
2006-07-01,53.348499147185194,38.50536866083903,3.0305040650406503,0.05680579797905238
2006-08-01,52.86605395812447,52.51301954729,4.553782113821138,0.08613811269946907
2006-09-01,61.01467595551818,76.7906780273403,17.248754471544714,0.2826984524857537
2006-10-01,57.610849227216356,79.4101831535277,3.0488845528455286,0.05292205537225761
2006-11-01,121.89748013511975,102.9599797984289,9.843186991869919,0.08074971673704032
2006-12-01,111.26216204335107,109.0621380036109,2.0379186991869918,0.018316367952592522
2007-01-01,83.01026808500009,108.210329222333,1.2626861788617887,0.015211204685772547
2007-02-01,157.92539566249098,89.44486860398341,2.1576975609756097,0.013662764952553395
2007-03-01,141.36261492159971,98.5412457929745,6.628448780487805,0.046889687094172454
2007-04-01,59.72250949790408,63.300336381151304,3.0192,0.05055380333785132
2007-05-01,27.947589090425794,51.2269727023466,3.386120325203252,0.12115965760936637
2007-06-01,89.02013828700923,36.19624981485598,13.417404878048782,0.15072325359448235
2007-07-01,12.088505834829608,39.27115544701003,8.093892682926828,0.6695527796004836
2007-08-01,115.70257172975002,52.34105642430538,28.64240650406504,0.2475520299666802
2007-09-01,45.76311674433654,79.1487824138982,12.615739837398374,0.2756748389293141
2007-10-01,62.224804255567555,90.3261253827087,2.82169756097561,0.04534682904563961
2007-11-01,163.59540846303716,101.5636405295183,12.959986991869918,0.07921974775226107
2007-12-01,168.87369834891246,115.960091159827,39.64330406504065,0.23475120431799293
2008-01-01,148.0501665288095,111.4100798586056,36.818081300813006,0.24868652406175085
2008-02-01,186.59419629813743,93.8639814976417,59.8245593495935,0.320613183777735
2008-03-01,51.91184887054026,95.8231899443778,17.117268292682926,0.32973721154433583
2008-04-01,199.74574927295626,66.8408600637345,60.70712195121951,0.3039219716674026
2008-05-01,23.47261140728726,53.75505478194,14.783323577235773,0.6298116268667989
2008-06-01,97.18186846022986,37.56267422421798,31.481560975609757,0.3239448003460963
2008-07-01,34.08485898412234,46.27112623159711,7.950985365853659,0.23327030249875597
2008-08-01,35.0682614463129,52.159247321218274,6.17529756097561,0.1760936329971637
2008-09-01,116.11309807171604,82.4296089050808,26.937144715447154,0.23199057783136326
2008-10-01,108.98588877391143,110.41112546320579,6.252461788617886,0.05736946185380445
2008-11-01,176.33152439857568,97.32178848261,6.473782113821138,0.03671369674765558
2008-12-01,154.57563739355226,130.7055703387951,14.817925203252033,0.095861970573832
2009-01-01,67.34575945178854,129.7551267073836,3.6834341463414635,0.05469437387484448
2009-02-01,217.2487403872211,97.7084149526656,62.61361951219512,0.2882116572947373
2009-03-01,156.30278404799915,103.5811411927331,11.85109593495935,0.07582140015701823
2009-04-01,136.71378253673868,71.5884776995775,81.53108292682927,0.5963633030555618
2009-05-01,125.68276987569413,54.6642535017882,92.18791544715447,0.7334968471679326
2009-06-01,56.93359334139618,42.317960831282036,39.63408130081301,0.6961457897651303
2009-07-01,27.560931764481378,45.74358071443211,15.996045528455285,0.5803884159341043
2009-08-01,3.5677639001047847,57.699152870865,7.355252032520325,2.061585978910853
2009-09-01,26.37730600626366,67.7618069989651,4.9163707317073175,0.1863863857264217
2009-10-01,152.88513435679627,88.5227134092496,5.704260162601626,0.037310757429753025
2009-11-01,90.91287646213287,118.4223480331528,16.347655284552847,0.17981672036702073
2009-12-01,196.041654894552,100.9300975725676,5.570640650406504,0.02841559694751032
2010-01-01,151.9986604601311,133.9665360755305,20.44610081300813,0.1345150065869896
2010-02-01,103.96220580917455,99.3559931164844,22.463388617886178,0.21607264335193443
2010-03-01,116.78872930080428,93.1922007676669,12.982712195121952,0.11116408469248192
2010-04-01,25.769196406361797,68.6536544438852,7.834848780487805,0.30403931333122863
2010-05-01,55.53541539321193,48.1339210984374,4.070660162601626,0.07329845529703521
2010-06-01,62.809678208104216,37.83087358150169,14.711882926829269,0.23422955421113784
2010-07-01,88.06338401134833,39.376879776556486,12.942386991869919,0.14696672331149677
2010-08-01,38.65357719508752,58.5963399103331,27.981229268292683,0.7238975354614479
2010-09-01,49.107034106724086,74.1314474939589,8.077047154471545,0.16447841539193217
2010-10-01,134.84949715420413,91.5527220963874,21.6096,0.16024976329936794
2010-11-01,173.86589794090116,106.3052292355839,39.571863414634144,0.2275999139755689
2010-12-01,134.04014301137278,120.4241253662279,51.37610406504065,0.38328893800629255
2011-01-01,116.90795030861756,127.1219367915896,29.945534959349594,0.25614626618889785
2011-02-01,90.71232735236546,100.2568890725366,9.79319674796748,0.10795883022520761
2011-03-01,141.05251474822956,89.0624777035694,13.640182113821139,0.0967028637395658
2011-04-01,81.79692550944164,71.6639273921009,14.388435772357724,0.17590435927444362
2011-05-01,70.35262793979386,50.0697858100949,12.742868292682926,0.18112853301781387
2011-06-01,157.4096151802186,45.66307641160047,155.90961951219512,0.9904707494119331
2011-07-01,31.858188237359027,43.80420931980846,26.483642276422763,0.8312978151521588
2011-08-01,70.02606879366934,57.414529227779234,19.98359674796748,0.2853736771494173
2011-09-01,90.99726818078787,86.332256243995,11.717567479674797,0.12876834342317883
2011-10-01,120.39548763497483,96.0693684220392,15.25849756097561,0.1267364571605674
2011-11-01,221.63141230652303,112.0411892104218,26.390569105691057,0.11907413678884152
2011-12-01,125.45477348435229,109.31942010200329,23.5517918699187,0.18773133309954335
2012-01-01,215.50637143478195,123.3780917117433,26.30129430894309,0.1220441610790267
2012-02-01,212.0074436853878,101.2299922200057,126.66648455284553,0.5974624397660985
2012-03-01,111.36926003720383,93.8881251820939,29.80052032520325,0.26758299655801016
2012-04-01,70.47606982908236,67.14120833448929,14.30419512195122,0.2029652782375857
2012-05-01,24.558000784755556,53.197147996721306,7.901983739837399,0.3217682012919625
2012-06-01,75.7956899814343,41.800061808389735,11.42030569105691,0.15067223075420577
2012-07-01,48.819501062027534,40.12055737297642,15.294725203252032,0.31329130512455144
2012-08-01,19.313159785776158,60.872588282543504,8.73468617886179,0.45226603392443065
2012-09-01,21.833723944596613,71.1649742646248,4.465678048780488,0.2045312132786972
2012-10-01,27.534131899884123,73.7797543464548,2.6135154471544717,0.09491911554202552
2012-11-01,96.36574744278056,87.7263489143468,2.2925268292682928,0.023789851582166524
2012-12-01,125.72407472389607,114.7142516653751,3.3911934959349592,0.026973302475141646
2013-01-01,180.7692546892237,111.0680426377483,8.058757723577235,0.044580355976085395
2013-02-01,263.4210189415933,103.816279650402,68.26333658536585,0.2591415706295687
2013-03-01,166.4329705153689,94.3304009304681,137.78541788617886,0.8278733321860368
2013-04-01,51.538177273930124,71.3324006018792,9.769808130081302,0.18956448688811556
2013-05-01,46.76464330450527,49.395048395940655,7.3860422764227645,0.15794073801288244
2013-06-01,86.51737102349864,37.12072829489363,9.890757723577236,0.11432106184653769
2013-07-01,24.31236250400198,43.28272881537422,12.004734959349593,0.49377081134643047
2013-08-01,5.135791119631186,58.3201191788266,4.2261593495934955,0.8228838072170245
2013-09-01,35.015633236552866,71.8459975675505,2.3454048780487806,0.06698164965928445
2013-10-01,30.09941760010206,78.2524244952533,1.094061788617886,0.03634827102482462
2013-11-01,151.77274092771458,93.6534351310243,3.0408975609756097,0.02003586113282299
2013-12-01,46.566085046700344,108.2123866338462,1.8664455284552846,0.04008165012333456
2014-01-01,32.54333312869459,83.6241252574684,0.4446569105691057,0.013663533136285792
2014-02-01,118.7753777976492,65.8650003106646,0.6441365853658536,0.005423149118188722
2014-03-01,163.42274885277368,82.3305026699488,4.157840650406504,0.025442239098255968
2014-04-01,64.98851242352335,70.31365230661591,4.979876422764228,0.07662702587052453
2014-05-01,16.799670314091074,47.7685902013833,2.3242666666666665,0.13835192138962032
2014-06-01,29.895089902102324,36.78722083427933,1.989710569105691,0.0665564337027054
2014-07-01,21.428779646260416,36.55262212326263,1.5779252032520326,0.07363579397893523
2014-08-01,99.76751930007161,46.38223186728064,7.950139837398374,0.0796866544660359
2014-09-01,44.04289034129224,75.1000892927329,7.234068292682927,0.16425053479972576
2014-10-01,35.273002230474646,89.1240437208525,1.8928650406504066,0.05366328129038693
2014-11-01,73.67683133120758,86.1703644190714,0.6032,0.008187105621960972
2014-12-01,212.05583253217867,123.68300300183151,4.174621138211382,0.019686424506045592
2015-01-01,128.03012371527268,118.1141720062748,8.483863414634147,0.06626458811757056
2015-02-01,92.33013227942793,92.588033466951,7.044930081300813,0.07630152700290774
2015-03-01,128.67985013061607,102.53063783012931,11.364175609756098,0.08831355956834677
2015-04-01,125.18790442713329,67.9920617880662,9.948240650406504,0.07946646839349375
2015-05-01,91.14514522342972,52.240528785128944,26.135765853658537,0.2867488530474149
2015-06-01,43.40081026376308,36.64065078045936,7.480507317073171,0.17235870186780636
2015-07-01,33.21815519028043,40.97318426135081,5.871284552845529,0.17674926615321057
2015-08-01,31.639891652522675,50.9596335188547,4.278621138211382,0.13522869121045944
2015-09-01,55.474213949646575,72.2195190022269,4.059043902439025,0.07316992190503828
2015-10-01,65.50117629144212,89.8825976951233,3.081678048780488,0.04704767491607805
2015-11-01,148.60200773705964,113.1408117847819,12.713534959349595,0.0855542610288635
2015-12-01,149.36750320329475,118.0391305956395,5.813489430894309,0.038920711039682664
2016-01-01,196.2900578384472,126.9508645700934,24.845515447154472,0.1265755164614761
2016-02-01,68.47457245429696,111.84150704803331,6.169678048780487,0.09010173890312949
2016-03-01,53.71131067307903,91.5524015118333,2.1453138211382115,0.03994156527283325
2016-04-01,32.306646228106764,59.5044575529034,1.1872650406504064,0.036749869740966376
2016-05-01,15.023150819625315,44.02740394271673,1.2490016260162602,0.08313846016806553
2016-06-01,199.31502773718273,42.32848479187758,9.130978861788618,0.045811793347708574
2016-07-01,36.27289751793959,42.12861013061636,6.8254829268292685,0.18817032533597763
2016-08-01,80.41721955208621,57.271657125994295,18.967167479674796,0.23585952841094893
2016-09-01,65.05393021898138,75.1449590981147,9.259629268292683,0.14233773789106005
2016-10-01,76.21498044313324,100.3654669950119,5.2258861788617885,0.06856770346823104
2016-11-01,37.3778869246921,103.7731526472429,3.4180422764227645,0.09144557270744968
2016-12-01,91.5252465267128,103.9137950423233,1.5472390243902439,0.016905051700010033
2017-01-01,92.74939944058283,106.77453673502839,1.816871544715447,0.01958903837301256
2017-02-01,125.32269046948235,95.1853142437237,0.8403772357723578,0.0067057069444020605
2017-03-01,294.11629883910337,85.0256905259413,47.349554471544714,0.16098922316932643
2017-04-01,35.54143549046703,69.4953394670614,20.084331707317073,0.5650962441487237
2017-05-01,34.31185590541788,48.63780390565641,4.256091056910569,0.12404141206009577
2017-06-01,79.30003160979733,36.390218139770816,6.496845528455284,0.08192740149743666
2017-07-01,9.012355761935648,45.05195223887986,4.538276422764228,0.5035616150365451
2017-08-01,12.887182595701713,51.05189717706431,2.0174439024390245,0.1565465444023356
2017-09-01,2.356786223406433,55.2494550641794,0.8372552845528455,0.35525296110340465
2017-10-01,109.7070650539026,84.111768026339,1.0791284552845528,0.00983645360264029
2017-11-01,104.28571664141195,96.5229830242581,1.1436097560975609,0.010966120701168317
2017-12-01,96.05612838092645,114.6555870447759,1.1825951219512194,0.012311501013880583
2018-01-01,82.28087061994589,108.9066189318234,0.6761365853658536,0.008217421379617122
2018-02-01,84.44146701727199,79.3830406021894,0.24377235772357725,0.0028868797089197313
2018-03-01,170.67054695103965,96.48154018924829,25.524448780487806,0.14955391680914937
2018-04-01,47.994720916273245,69.7795047988851,3.386679674796748,0.07056358720586808
2018-05-01,6.761186539143522,41.5593438504751,2.35449756097561,0.3482373319156888
2018-06-01,33.38323809075105,31.832530405038938,4.151765853658537,0.12436678078897323
2018-07-01,12.807078461890463,35.97764056714439,2.3339577235772357,0.1822396677370491
2018-08-01,21.49355585173955,37.729912378391035,0.9576975609756098,0.044557427704457746
2018-09-01,50.15276841623998,60.1742027230921,1.066380487804878,0.021262644545451913
2018-10-01,129.655825258966,81.6553479927909,8.283876422764228,0.06389127836114236
2018-11-01,69.45319946316573,93.9095510220429,1.730029268292683,0.02490928109381337
2018-12-01,123.35179994793535,114.761945485518,3.734933333333333,0.030278709633015356
2019-01-01,49.63578360185555,96.922677952953,0.6957918699186992,0.01401794873432175
2019-02-01,60.10066412445533,72.2679169148358,0.32128780487804875,0.005345827863278382
2019-03-01,143.5590233422526,79.65051199428581,1.0135934959349593,0.00706046525211095
2019-04-01,26.86683366385271,58.7958295260296,1.3893333333333333,0.05171183737972726
2019-05-01,16.644354807254363,36.40949677906279,0.4429918699186992,0.02661514219377391
2019-06-01,36.58605482365604,28.456495567098887,0.6379317073170732,0.017436471639040874
2019-07-01,19.993002809922192,32.16769618602934,1.0693073170731706,0.05348407776657198
2019-08-01,17.125038205226446,35.142781452113226,0.3684292682926829,0.02151406985943195
2019-09-01,40.53848116342217,47.852483458266974,0.6476487804878048,0.01597614814124259
2019-10-01,41.22869908679629,65.660496255878,0.28615284552845527,0.006940622718316553
2019-11-01,47.90854055704022,59.6573754493108,0.011278048780487805,0.0002354078969919797
2019-12-01,24.33892927664936,55.8610526054732,0.0010926829268292685,4.4894453425179335e-05
2020-01-01,170.0144138209751,87.4762027219263,0.9605853658536585,0.005650023102542078
2020-02-01,256.84963269211346,95.2972770782128,71.87911544715446,0.27984901007554175
2020-03-01,129.09015697399525,88.5128124128295,22.284721951219513,0.17262913357297016
2020-04-01,50.31283377387158,74.794971061551,8.919843902439025,0.17728764677674091
2020-05-01,36.68579906480408,42.9514387244498,4.152130081300813,0.11318085436727797
2020-06-01,50.79331085811113,34.49916319801154,6.04100162601626,0.11893301546913394
2020-07-01,86.2053213113633,36.63555615681466,10.795278048780489,0.1252275136216851
2020-08-01,47.58202608543964,56.525530207733084,10.02380487804878,0.21066368338434668
2020-09-01,40.65831800925609,71.1331498574264,3.9391869918699185,0.09688514391995115
2020-10-01,86.51661581930274,82.015762598666,2.722939837398374,0.03147302759836866
2020-11-01,41.44168438541145,96.4978196570828,3.9353756097560977,0.09496176779777446
2020-12-01,249.88990506290148,103.9684170799915,23.414048780487803,0.09369745758474755
2021-01-01,172.2637104733618,126.2933580174854,60.91270243902439,0.35360147689634086
2021-02-01,158.69417207304744,94.7288543428497,38.11709918699187,0.2401921802739325
2021-03-01,318.7882593088734,90.0472276405924,235.41521951219514,0.7384689135747051
2021-04-01,41.78536002051838,73.3908244255733,22.95306666666667,0.5493088166620017
2021-05-01,38.2610500941077,51.237653741208426,9.535154471544715,0.24921308871794798
2021-06-01,60.0687287290911,42.01738034679986,11.45860162601626,0.19075818430741812
2021-07-01,47.028619275657455,46.75173211607518,14.481925203252032,0.30793855797395353
2021-08-01,28.585099188800566,55.72478371544087,8.800637398373985,0.307874999497011
2021-09-01,47.755266541422934,70.8466547051176,6.358816260162602,0.13315424079241528
2021-10-01,113.3081387764315,98.6630875768528,10.882055284552846,0.09603948491312041
2021-11-01,248.4611160221354,94.6095547373965,50.51002276422764,0.2032914589328646
2021-12-01,78.35302919932735,105.9222073035443,52.65330731707317,0.6720009150268461
2022-01-01,145.17533035155162,118.2884974328809,33.63274146341463,0.23166981181975432
2022-02-01,140.6781553426565,96.0152503760575,49.46762926829268,0.35163689165387485
2022-03-01,297.32293984965423,87.3897165139648,174.87747642276423,0.5881735076048744
2022-04-01,70.27315811532594,69.1278648223859,77.98238699186992,1.1097037486758783
2022-05-01,91.39157041283583,55.18818753046572,28.951063414634145,0.3167804567079417
2022-06-01,8.806413343172128,37.253425435599894,17.39371707317073,1.9751193130920424
2022-07-01,142.64112035574178,39.85539031333616,81.24766178861789,0.5695949498012156
2022-08-01,59.52413669670875,54.861940815106635,24.275252032520324,0.4078219925508398
2022-09-01,157.62113628579246,75.7823571588511,48.04109268292683,0.30478839205816033
2022-10-01,139.83760056688732,93.8132560012672,47.96983414634146,0.34303959701737347
2022-11-01,37.14947977317644,110.9161718076638,29.302920325203253,0.7887841365240665
2022-12-01,51.98855310858226,103.877568195896,9.739160975609757,0.1873327952649257
2023-01-01,115.47828396432578,109.5986013079407,8.199167479674797,0.0710018126196587
2023-02-01,49.191197240193084,99.6752403615612,5.02180162601626,0.10208740400229682
2023-03-01,137.15963464744547,93.8512166847264,11.568169105691057,0.08434091513458628
2023-04-01,42.78683168199864,64.0426597309952,9.952845528455285,0.2326146886132414
2023-05-01,17.792783485898585,46.86566341362826,4.783765853658537,0.2688598924080564
2023-06-01,19.796458492933418,35.34371840416376,3.360442276422764,0.16974966899368965
2023-07-01,17.88328133870136,33.10950211960394,3.5656975609756096,0.19938720939646873
2023-08-01,22.469911914011174,43.28839909210221,2.500019512195122,0.11126076158029921
2023-09-01,11.012608533246663,48.760112980789,1.3818146341463415,0.12547568816004798
2023-10-01,51.257480982706404,59.711916194531575,0.9326439024390244,0.018195273832393093
2023-11-01,148.01956933248835,94.6505204304899,2.504910569105691,0.016922833787463915
2023-12-01,115.10485059965633,115.8744572816595,3.218549593495935,0.02796189367110429
2024-01-01,130.38146972025055,117.1694267158978,5.39300162601626,0.04136325229028026
2024-02-01,188.0197294407864,104.45150374464009,9.183076422764227,0.04884102562043246
2024-03-01,83.1739008435129,92.9213844970797,4.437970731707317,0.053357732253740436
2024-04-01,157.5926174480445,72.4083000387505,10.383011382113821,0.06588513821427527
2024-05-01,113.38671754099556,48.897200841516046,28.862022764227643,0.2545450065947312
2024-06-01,79.90901133757923,40.146316869873026,26.26427317073171,0.328677238412788
2024-07-01,58.707474165888044,43.332970908918554,15.510855284552846,0.2642058018153577
2024-08-01,60.021428463098715,59.922020728559225,12.478152845528454,0.20789496626525716
2024-09-01,81.44941990472876,81.2733277234473,6.580878048780487,0.08079711379747245
2024-10-01,79.14475615204647,102.6532363136692,13.51120650406504,0.17071511949709478
2024-11-01,142.2560144224883,111.440154813277,6.249573983739837,0.04393187879690719
2024-12-01,54.28465094194208,129.1240229311849,5.239453658536585,0.09651814219345774
2025-01-01,275.1788819950799,125.362675785052,47.134061788617885,0.17128517074744357
2025-02-01,101.13828617882943,107.9352440342934,11.219291056910569,0.110930207350686
2025-03-01,290.52210497329924,92.4612744985546,102.605281300813,0.35317547114097586
2025-04-01,100.35643605519867,66.0965743225252,42.97966829268292,0.42827017361440556
