system:index,PET
2000_01_01,556.0759959627143
2000_01_09,540.2719230540876
2000_01_17,610.012824318708
2000_01_25,427.55851095410554
2000_02_02,630.917295018702
2000_02_10,436.4529478121474
2000_02_18,493.5130914920144
2000_02_26,535.7674404797245
2000_03_05,265.6102238318589
2000_03_13,415.9732826693582
2000_03_21,296.0773021433236
2000_03_29,334.28741910585984
2000_04_06,249.07534287240992
2000_04_14,268.2996497061093
2000_04_22,194.16309446060671
2000_04_30,223.55696728611292
2000_05_08,195.16178827999758
2000_05_16,168.73276732173596
2000_05_24,142.07112747135315
2000_06_01,136.61147064062223
2000_06_09,101.25921747907141
2000_06_17,148.41382176571872
2000_06_25,112.1004571632132
2000_07_03,127.46820637653616
2000_07_11,125.67677967107994
2000_07_19,174.7995606483405
2000_07_27,179.55263314136437
2000_08_04,190.76542183696492
2000_08_12,168.87211304399457
2000_08_20,233.22466306477466
2000_08_28,274.1160125868313
2000_09_05,338.2866472718637
2000_09_13,412.87941578103647
2000_09_21,404.1079973876387
2000_09_29,498.67161432048937
2000_10_07,370.1373270794989
2000_10_15,375.28237249896097
2000_10_23,415.8588137505195
2000_10_31,440.535830908983
2000_11_08,325.9942409309505
2000_11_16,378.7762868847592
2000_11_24,609.7658968117319
2000_12_02,584.8478299590333
2000_12_10,623.489817728433
2000_12_18,700.3703022026953
2000_12_26,365.1654099625958
2001_01_01,642.7384076470936
2001_01_09,637.3463159769636
2001_01_17,618.4346019117733
2001_01_25,484.46529715608864
2001_02_02,579.4979516713173
2001_02_10,530.0086682894968
2001_02_18,504.40283797423257
2001_02_26,464.58516891290145
2001_03_06,341.6190108650476
2001_03_14,388.6811731876743
2001_03_22,396.1667755150507
2001_03_30,344.085911060975
2001_04_07,261.05212848067447
2001_04_15,297.9510182271567
2001_04_23,241.3745769755981
2001_05_01,136.88731223653738
2001_05_09,177.42925844564508
2001_05_17,129.204773496408
2001_05_25,142.4432702012705
2001_06_02,143.1521106691207
2001_06_10,137.52003799798135
2001_06_18,159.84474262304815
2001_06_26,142.92097607314605
2001_07_04,138.4443982663421
2001_07_12,152.71715252627203
2001_07_20,115.79065487145995
2001_07_28,149.20744522947214
2001_08_05,233.37517069405695
2001_08_13,253.87656593243474
2001_08_21,226.94246868135133
2001_08_29,227.86926319539273
2001_09_06,290.7618001543669
2001_09_14,377.1662411684379
2001_09_22,369.3590215519801
2001_09_30,454.24894614973573
2001_10_08,429.6498842249004
2001_10_16,475.05871875556596
2001_10_24,538.2342219319597
2001_11_01,472.314908270498
2001_11_09,468.1791842308376
2001_11_17,405.41679035801224
2001_11_25,527.9254883334322
2001_12_03,508.957667873894
2001_12_11,498.3337291456392
2001_12_19,702.1978269904412
2001_12_27,440.0245799441901
2002_01_01,636.1081161313303
2002_01_09,624.3061212373093
2002_01_17,525.1638069227572
2002_01_25,564.1385145164163
2002_02_02,478.39862257317577
2002_02_10,513.4006412159354
2002_02_18,458.57798491955106
2002_02_26,445.4956361693284
2002_03_06,448.6393160363354
2002_03_14,494.0333076055334
2002_03_22,312.27103247639974
2002_03_30,272.2762571988363
2002_04_07,339.2373092679451
2002_04_15,299.3610401947396
2002_04_23,238.67933266045233
2002_05_01,232.87923766549895
2002_05_09,192.47764650002958
2002_05_17,162.22306002493613
2002_05_25,119.41673098616636
2002_06_02,135.4483761800154
2002_06_10,156.8072789883037
2002_06_18,130.09713233984445
2002_06_26,172.1046131924241
2002_07_04,190.83749925785187
2002_07_12,166.58653446535652
2002_07_20,190.96627679154537
2002_07_28,188.35664667814518
2002_08_05,267.5305468147004
2002_08_13,202.74529478121468
2002_08_21,189.22852223475624
2002_08_29,349.7153119990499
2002_09_06,318.7443448316807
2002_09_14,375.18144036098073
2002_09_22,434.35456866353985
2002_09_30,485.6777296206139
2002_10_08,434.6704268835718
2002_10_16,557.612004987235
2002_10_24,543.3581903461378
2002_11_01,612.1743157394764
2002_11_09,487.12984622691914
2002_11_17,574.812919313661
2002_11_25,621.7507569910349
2002_12_03,617.3982069702546
2002_12_11,570.0002968592294
2002_12_19,549.9969720358605
2002_12_27,355.08662352312524
2003_01_01,628.0168596022556
2003_01_09,546.7657465123181
2003_01_17,647.8548530721281
2003_01_25,615.0724250519443
2003_02_02,456.6207183140395
2003_02_10,514.5675868210146
2003_02_18,370.0785989907983
2003_02_26,493.25129118432744
2003_03_06,415.3607005046007
2003_03_14,415.55690115761325
2003_03_22,366.4883348174531
2003_03_30,283.4807361234788
2003_04_07,311.90198872068856
2003_04_15,205.01608785989902
2003_04_23,234.582784208964
2003_05_01,207.79097655090527
2003_05_09,162.96319382606106
2003_05_17,202.7348768180468
2003_05_25,142.03449094686846
2003_06_02,168.58539626001772
2003_06_10,148.34336598397144
2003_06_18,130.6466013653903
2003_06_26,127.90792520035612
2003_07_04,134.3142772336004
2003_07_12,149.61133867616496
2003_07_20,163.6017215791036
2003_07_28,191.67889581478178
2003_08_05,207.87402790145435
2003_08_13,169.22048085485312
2003_08_21,235.13060255268627
2003_08_29,295.03674680914213
2003_09_06,356.1053131493025
2003_09_14,419.1059661620659
2003_09_22,480.7319679430096
2003_09_30,250.35690115761346
2003_10_08,389.79412288512896
2003_10_16,462.67753042445815
2003_10_24,484.48857227663973
2003_11_01,456.9016325319085
2003_11_09,586.8632828732561
2003_11_17,431.9166518254674
2003_11_25,511.93208667260296
2003_12_03,452.60670822202417
2003_12_11,546.3741763134458
2003_12_19,684.3593944790734
2003_12_27,382.1328584149598
2004_01_01,674.0137132680316
2004_01_09,434.692549718017
2004_01_17,544.6106856634012
2004_01_25,641.0563965568417
2004_02_02,584.0097358266546
2004_02_10,641.137548233897
2004_02_18,469.2029682398337
2004_02_26,458.31243692490335
2004_03_05,463.7521519738794
2004_03_13,392.6872662511129
2004_03_21,362.03585633719194
2004_03_29,374.73024636390596
2004_04_06,335.97340457108925
2004_04_14,316.05580290887485
2004_04_22,269.4955773226476
2004_04_30,245.24392994953988
2004_05_08,225.21555357672892
2004_05_16,220.8318788958147
2004_05_24,178.07925200356186
2004_06_01,171.7832591273374
2004_06_09,169.68002374591862
2004_06_17,146.72686257049565
2004_06_25,186.75482338972978
2004_07_03,164.0613238349658
2004_07_11,153.36414366280786
2004_07_19,120.17577916295636
2004_07_27,191.03757791629553
2004_08_04,188.34229741763124
2004_08_12,166.70317601662214
2004_08_20,319.1084594835262
2004_08_28,268.94223805283457
2004_09_05,312.6923122588304
2004_09_13,360.6210745028197
2004_09_21,392.1015731671118
2004_09_29,391.17376075986925
2004_10_07,518.3697239536954
2004_10_15,281.7177203918076
2004_10_23,493.08839418224983
2004_10_31,506.76651825467496
2004_11_08,504.9906797269217
2004_11_16,478.2825764321756
2004_11_24,642.7967943009794
2004_12_02,381.9402790145442
2004_12_10,585.1956070050458
2004_12_18,618.1868803799343
2004_12_26,409.6726625111307
2005_01_01,586.5330958741466
2005_01_09,666.5731671119023
2005_01_17,539.6518848322942
2005_01_25,533.5750667853962
2005_02_02,622.6537251409911
2005_02_10,506.7379637874741
2005_02_18,511.96135351736393
2005_02_26,522.2915998812704
2005_03_06,490.73737013950733
2005_03_14,341.7044226773523
2005_03_22,343.61205105372494
2005_03_30,330.26452953398626
2005_04_07,342.7340457108933
2005_04_15,304.0958147818344
2005_04_23,277.0166815078658
2005_05_01,195.69136242208367
2005_05_09,126.45532799050157
2005_05_17,171.66607301869988
2005_05_25,189.71837340457105
2005_06_02,165.64612644701688
2005_06_10,131.84594835262686
2005_06_18,126.9615316117542
2005_06_26,104.46363906203624
2005_07_04,125.54217868803795
2005_07_12,139.9850994360344
2005_07_20,175.26684476105663
2005_07_28,195.589729890175
2005_08_05,226.11813594538432
2005_08_13,231.21941228851284
2005_08_21,244.93481745325016
2005_08_29,264.8085485307213
2005_09_06,331.2568121104184
2005_09_14,343.87171267438396
2005_09_22,374.1758978925497
2005_09_30,475.08756307509634
2005_10_08,388.0086672603146
2005_10_16,335.0419709112496
2005_10_24,445.5764321757196
2005_11_01,451.92080736123467
2005_11_09,523.9642030276046
2005_11_17,449.32116355001483
2005_11_25,425.40902344909443
2005_12_03,693.4030276046303
2005_12_11,603.4956960522406
2005_12_19,694.592104482042
2005_12_27,451.09670525378436
2006_01_01,556.9351142772335
2006_01_09,555.3149896111603
2006_01_17,573.4239833778568
2006_01_25,653.338676165034
2006_02_02,603.9240724250518
2006_02_10,521.5583852775304
2006_02_18,571.0900563965563
2006_02_26,247.34669041258525
2006_03_06,526.1403977441375
2006_03_14,397.3684772929652
2006_03_22,356.5745325022261
2006_03_30,352.84113980409614
2006_04_07,356.46031463342234
2006_04_15,316.5530424458295
2006_04_23,207.27913327396845
2006_05_01,263.7354704660137
2006_05_09,192.85034134758084
2006_05_17,190.95850400712376
2006_05_25,180.6706441080438
2006_06_02,100.45894924309881
2006_06_10,139.9693677649154
2006_06_18,120.15434847135646
2006_06_26,153.89338082517062
2006_07_04,163.52840605520922
2006_07_12,108.6292074799644
2006_07_20,131.7179578509943
2006_07_28,182.20261205105368
2006_08_05,186.84737310774707
2006_08_13,259.3532799050162
2006_08_21,259.5140991392104
2006_08_29,276.6517067379043
2006_09_06,203.82944493915107
2006_09_14,401.80498664292065
2006_09_22,408.8910655981003
2006_09_30,437.36153161175423
2006_10_08,493.772157910359
2006_10_16,397.4785396260017
2006_10_24,460.89967349361814
2006_11_01,329.8159691303057
2006_11_09,525.1488869100623
2006_11_17,581.4310477886611
2006_11_25,551.1616503413472
2006_12_03,583.320569902048
2006_12_11,505.8736717126742
2006_12_19,515.633481745325
2006_12_27,351.17174235678226
2007_01_01,511.940429571615
2007_01_09,614.7004271982913
2007_01_17,632.3593212293815
2007_01_25,661.6039515841936
2007_02_02,571.4165183339265
2007_02_10,438.11136822119386
2007_02_18,518.4588228313752
2007_02_26,431.8309600094933
2007_03_06,392.67325264032263
2007_03_14,438.13949210869845
2007_03_22,366.7925121632848
2007_03_30,357.58158300700137
2007_04_07,300.2811795419485
2007_04_15,333.1046635813456
2007_04_23,190.54954313516077
2007_05_01,255.42476563427076
2007_05_09,173.51507060638423
2007_05_17,192.61255488311386
2007_05_25,204.55951109528897
2007_06_02,116.32787468850124
2007_06_10,101.77085558324437
2007_06_18,101.69941853565918
2007_06_26,117.44772754242321
2007_07_04,114.748546339148
2007_07_12,143.70440251572322
2007_07_20,146.89693841224633
2007_07_28,177.08567699062536
2007_08_05,243.88892844428622
2007_08_13,131.1517740595704
2007_08_21,223.91372967841463
2007_08_29,276.1951465527471
2007_09_06,269.3658478699419
2007_09_14,368.17491396701075
2007_09_22,411.2833748665004
2007_09_30,491.69929986946727
2007_10_08,498.5370831850006
2007_10_16,524.883647798742
2007_10_24,446.49471935445615
2007_11_01,330.6289901507061
2007_11_09,534.6290494838022
2007_11_17,523.3188560579089
2007_11_25,420.7646849412601
2007_12_03,467.0224279102884
2007_12_11,451.55968909457704
2007_12_19,470.28206953838855
2007_12_27,392.9731814406076
2008_01_01,536.3255013646611
2008_01_09,589.9715794470156
2008_01_17,452.1394921086983
2008_01_25,558.986472054112
2008_02_02,368.9067283730865
2008_02_10,391.83357066571745
2008_02_18,492.3581939005579
2008_02_26,411.0608757564971
2008_03_05,482.98795538151194
2008_03_13,440.4765634270797
2008_03_21,338.3179067283732
2008_03_29,395.7000711997153
2008_04_06,249.13658478699415
2008_04_14,184.05245045686482
2008_04_22,181.2810608757565
2008_04_30,220.00628930817612
2008_05_08,214.4796487480717
2008_05_16,165.74664768007594
2008_05_24,173.42144298089468
2008_06_01,93.26996558680432
2008_06_09,102.65023139907443
2008_06_17,124.92061231755075
2008_06_25,155.79162216684463
2008_07_03,122.19449388869108
2008_07_11,161.99537201851192
2008_07_19,125.65990269372254
2008_07_27,161.53696451880865
2008_08_04,178.82781535540522
2008_08_12,218.80081879672477
2008_08_20,247.59677227957755
2008_08_28,197.00183932597605
2008_09_05,277.16743799691454
2008_09_13,335.2924528301887
2008_09_21,370.83072267710935
2008_09_29,444.9220956449508
2008_10_07,387.08039634508117
2008_10_15,420.19823187373896
2008_10_23,477.7243384359796
2008_10_31,433.11498754004987
2008_11_08,495.7807048771806
2008_11_16,416.59475495431343
2008_11_24,529.4731814406074
2008_12_02,557.0604604248248
2008_12_10,548.0605790910168
2008_12_18,591.2802895455084
2008_12_26,404.97246944345557
2009_01_01,579.6878077721744
2009_01_09,608.4286561851081
2009_01_17,517.9425689706318
2009_01_25,640.3975674873923
2009_02_02,652.9889646989025
2009_02_10,297.38137051320064
2009_02_18,451.3162859685553
2009_02_26,450.04663304657385
2009_03_06,434.06389795312975
2009_03_14,462.3354494215367
2009_03_22,413.8245624443787
2009_03_30,266.88407000889936
2009_04_07,242.5923464847226
2009_04_15,251.10311480272927
2009_04_23,244.3202610501335
2009_05_01,205.93740729753787
2009_05_09,204.09012162563045
2009_05_17,126.41750222485912
2009_05_25,131.00361910412343
2009_06_02,128.23025808365475
2009_06_10,148.50714921388308
2009_06_18,109.30234351824386
2009_06_26,130.91735390091958
2009_07_04,118.7104123405518
2009_07_12,131.07813705132003
2009_07_20,150.72666864431923
2009_07_28,179.9960842479976
2009_08_05,191.8285375259567
2009_08_13,254.73716997923472
2009_08_21,321.5028181548503
2009_08_29,277.10080094927326
2009_09_06,331.4078315040047
2009_09_14,401.89071492138834
2009_09_22,412.02521506971243
2009_09_30,378.1367546722041
2009_10_08,383.0265203203797
2009_10_16,516.6932660931475
2009_10_24,388.0211806585583
2009_11_01,419.51931177692086
2009_11_09,600.8901809552063
2009_11_17,626.6126371996443
2009_11_25,623.147967962029
2009_12_03,644.8909522396914
2009_12_11,606.2326312666863
2009_12_19,478.006941560368
2009_12_27,188.8359537229308
2010_01_01,538.0002966478789
2010_01_09,655.037674280629
2010_01_17,690.5363986947493
2010_01_25,484.54660338178587
2010_02_02,479.35146840700116
2010_02_10,553.6331059032929
2010_02_18,492.67273805992295
2010_02_26,372.96719074458605
2010_03_06,409.72654998516754
2010_03_14,428.02207060219536
2010_03_22,402.58896469890254
2010_03_30,298.0538712548206
2010_04_07,293.1051913378819
2010_04_15,300.9941857015723
2010_04_23,239.12227825571054
2010_05_01,262.1856422426581
2010_05_09,239.44408187481454
2010_05_17,103.46087214476417
2010_05_25,126.00255117175911
2010_06_02,125.75983387718783
2010_06_10,133.03862355384155
2010_06_18,130.75384159003255
2010_06_26,120.55609611391277
2010_07_04,100.37021655295166
2010_07_12,133.60872144764164
2010_07_20,126.23636902996147
2010_07_28,134.16641946010085
2010_08_05,176.7068525660041
2010_08_13,216.78427766241472
2010_08_21,224.51581133194898
2010_08_29,266.3543162266389
2010_09_06,291.1206170275883
2010_09_14,272.952595668941
2010_09_22,385.7448828240878
2010_09_30,275.2562444378523
2010_10_08,287.409789380006
2010_10_16,424.8135864728568
2010_10_24,422.66484722634226
2010_11_01,357.09819044793824
2010_11_09,481.53877187778124
2010_11_17,443.0089587659449
2010_11_25,453.82954612874516
2010_12_03,447.6606941560369
2010_12_11,467.48584989617336
2010_12_19,507.10430139424506
2010_12_27,385.7323642835954
2011_01_01,561.2659744882825
2011_01_09,565.0579649955503
2011_01_17,596.4355977454761
2011_01_25,680.8244437852269
2011_02_02,522.6169089291012
2011_02_10,460.64752299021075
2011_02_18,483.20812815188367
2011_02_26,430.66769504598034
2011_03_06,414.1160486502521
2011_03_14,376.0377336102047
2011_03_22,364.6263423316523
2011_03_30,321.5270839513499
2011_04_07,296.32631266686445
2011_04_15,262.5428656185108
2011_04_23,209.99857609018102
2011_05_01,206.1234648472264
2011_05_09,185.93390685256605
2011_05_17,176.7613171165826
2011_05_25,93.81987540789083
2011_06_02,148.56297834470487
2011_06_10,94.16345298131118
2011_06_18,144.66935627410257
2011_06_26,126.96719074458615
2011_07_04,144.91242954612872
2011_07_12,103.48264609908043
2011_07_20,115.04823494512017
2011_07_28,210.95983387718778
2011_08_05,156.04443785226934
2011_08_13,187.17662414713735
2011_08_21,218.0271729457134
2011_08_29,282.38558291308215
2011_09_06,278.1636309700385
2011_09_14,416.8159596558885
2011_09_22,316.7620290714922
2011_09_30,254.39655888460396
2011_10_08,351.5813705132008
2011_10_16,477.3124888757045
2011_10_24,359.85470186888165
2011_11_01,517.8435479086324
2011_11_09,496.4194007712846
2011_11_17,412.43363986947503
2011_11_25,475.96772471076855
2011_12_03,435.7119549095223
2011_12_11,451.58700682290106
2011_12_19,508.2244437852269
2011_12_27,308.40302580836544
2012_01_01,632.5152180361913
2012_01_09,555.4996143577575
2012_01_17,501.1146247404332
2012_01_25,370.1494512014238
2012_02_02,479.72322752892325
2012_02_10,535.2517353900919
2012_02_18,479.2938593889055
2012_02_26,420.17757342035014
2012_03_05,393.85778700682283
2012_03_13,365.3927617917531
2012_03_21,366.87428062889353
2012_03_29,378.82337585286257
2012_04_06,271.67712844853156
2012_04_14,166.31272619400772
2012_04_22,211.8016018985465
2012_04_30,190.66312666864422
2012_05_08,215.53171165826163
2012_05_16,189.37893800059328
2012_05_24,139.01364580243248
2012_06_01,102.79021061999408
2012_06_09,120.69973301690894
2012_06_17,140.5900919608425
2012_06_25,107.12275289231683
2012_07_03,112.1881340848413
2012_07_11,122.3139127855236
2012_07_19,134.72352417680213
2012_07_27,163.21993473746656
2012_08_04,169.83328389202012
2012_08_12,210.80160189854638
2012_08_20,263.2307920498368
2012_08_28,309.01364580243256
2012_09_05,362.32880450904776
2012_09_13,347.5161673094037
2012_09_21,394.26283002076525
2012_09_29,442.77727677247105
2012_10_07,369.73752595668947
2012_10_15,536.2711361613764
2012_10_23,469.27617917531904
2012_10_31,509.6863245327797
2012_11_08,475.4729160486503
2012_11_16,445.20355977454767
2012_11_24,542.9450014832393
2012_12_02,534.9661821417976
2012_12_10,599.2962325719371
2012_12_18,576.0652032037973
2012_12_26,443.8326312666866
2013_01_01,711.7443488579058
2013_01_09,640.4682290121627
2013_01_17,526.6462770691188
2013_01_25,494.50970038564225
2013_02_02,548.6596262236723
2013_02_10,531.1700385642241
2013_02_18,386.3009196084248
2013_02_26,347.36529219816083
2013_03_06,444.2214773064373
2013_03_14,421.86739839810144
2013_03_22,411.57911598932077
2013_03_30,283.4070008899437
2013_04_07,293.60961139127875
2013_04_15,247.29563927617923
2013_04_23,306.55372293088107
2013_05_01,198.20468703648763
2013_05_09,176.50293681400183
2013_05_17,140.22681696825867
2013_05_25,165.77941263719964
2013_06_02,125.44503114802728
2013_06_10,129.6062889350341
2013_06_18,89.17964995550282
2013_06_26,87.85452388015426
2013_07_04,138.9127261940077
2013_07_12,155.2894690002967
2013_07_20,148.19519430436074
2013_07_28,182.9879560961139
2013_08_05,222.2121625630376
2013_08_13,250.0894690002966
2013_08_21,261.51592999110056
2013_08_29,319.6835953722932
2013_09_06,351.1841590032632
2013_09_14,342.52233758528627
2013_09_22,458.5292198160783
2013_09_30,455.2205873628003
2013_10_08,519.537051320083
2013_10_16,543.5834470483537
2013_10_24,515.0882824087807
2013_11_01,570.9673687333135
2013_11_09,439.88341738356564
2013_11_17,451.3973894986653
2013_11_25,531.952358350638
2013_12_03,635.3752002373183
2013_12_11,617.3011569267277
2013_12_19,588.1814891723525
2013_12_27,412.117235241768
2014_01_01,582.7500444971819
2014_01_09,625.8666271136162
2014_01_17,584.3457134381491
2014_01_25,637.6923168199347
2014_02_02,586.9253040640759
2014_02_10,450.28294274695946
2014_02_18,425.5148027291604
2014_02_26,374.5733016908929
2014_03_06,475.99685553248315
2014_03_14,419.70732720261054
2014_03_22,248.0176208840107
2014_03_30,340.42598635419756
2014_04_07,293.01174725600714
2014_04_15,277.63328389202013
2014_04_23,225.0408187481459
2014_05_01,182.25327795906253
2014_05_09,188.5369326609315
2014_05_17,183.96612281222193
2014_05_25,169.25576980124598
2014_06_02,137.26514387422128
2014_06_10,125.43583506377928
2014_06_18,144.49997033521208
2014_06_26,149.6549985167606
2014_07_04,159.32999110056357
2014_07_12,132.7464847226342
2014_07_20,132.5045387125482
2014_07_28,200.68721447641644
2014_08_05,209.61702758825274
2014_08_13,133.15087511124295
2014_08_21,156.30317413230495
2014_08_29,192.1542568970632
2014_09_06,284.40047463660636
2014_09_14,360.3889646989023
2014_09_22,366.5766834767132
2014_09_30,475.5008009492731
2014_10_08,419.8556511420944
2014_10_16,482.01334915455345
2014_10_24,616.433877187778
2014_11_01,518.0884010679324
2014_11_09,602.5988727380599
2014_11_17,655.2892316819936
2014_11_25,469.54464550578484
2014_12_03,513.0911302284189
2014_12_11,518.1362800355978
2014_12_19,577.3947789973303
2014_12_27,324.3652921981609
2015_01_01,599.6770691189558
2015_01_09,566.8185701572233
2015_01_17,535.3556808068821
2015_01_25,514.484129338475
2015_02_02,568.3277365766836
2015_02_10,547.4893503411452
2015_02_18,448.3700385642242
2015_02_26,503.4983684366657
2015_03_06,439.6794423019877
2015_03_14,425.5820824681105
2015_03_22,416.5970335212104
2015_03_30,283.29338475229906
2015_04_07,300.840818748146
2015_04_15,228.8431919311777
2015_04_23,231.02824087807764
2015_05_01,208.15514684070004
2015_05_09,185.59442301987542
2015_05_17,127.86805102343519
2015_05_25,136.78771877781068
2015_06_02,142.0079501631563
2015_06_10,110.16232571937114
2015_06_18,128.04971818451497
2015_06_26,140.70103826757637
2015_07_04,145.30008899436365
2015_07_12,108.61299317709879
2015_07_20,138.92785523583504
2015_07_28,199.58475229902115
2015_08_05,209.12536339365175
2015_08_13,240.88252743992885
2015_08_21,220.43814891723528
2015_08_29,266.3283892020171
2015_09_06,314.5348561257787
2015_09_14,300.97709878374366
2015_09_22,301.31029368140014
2015_09_30,501.1926431326017
2015_10_08,414.2878671017503
2015_10_16,451.8560664491249
2015_10_24,411.9257193711066
2015_11_01,407.9032334618808
2015_11_09,458.505191337882
2015_11_17,654.1163452981311
2015_11_25,584.0428952832989
2015_12_03,537.1949569860576
2015_12_11,594.2714921388313
2015_12_19,501.20551765054876
2015_12_27,359.65784633639885
2016_01_01,428.4679323642837
2016_01_09,582.3360427172946
2016_01_17,578.2728567190744
2016_01_25,509.3391278552361
2016_02_02,511.05078611687924
2016_02_10,600.7980421239989
2016_02_18,601.202847819638
2016_02_26,521.3609018095519
2016_03_05,497.1632156630081
2016_03_13,372.34161969741905
2016_03_21,384.09510530999717
2016_03_29,370.9680806882232
2016_04_06,334.1043607238207
2016_04_14,289.02189261346774
2016_04_22,263.9963808958766
2016_04_30,248.98979531296357
2016_05_08,232.85968555324837
2016_05_16,215.99905072678735
2016_05_24,178.41649362207067
2016_06_01,115.79916938593895
2016_06_09,152.04455651142092
2016_06_17,103.24912488875705
2016_06_25,128.81501038267572
2016_07_03,114.3754375556215
2016_07_11,136.24645505784633
2016_07_19,161.28306140611096
2016_07_27,167.9207356867398
2016_08_04,168.8676357164046
2016_08_12,254.575852862652
2016_08_20,184.0650252150697
2016_08_28,244.83927617917539
2016_09_05,335.2941560367844
2016_09_13,267.05422723227514
2016_09_21,337.1750815781667
2016_09_29,390.77876001186587
2016_10_07,409.4634826460992
2016_10_15,396.4307327202611
2016_10_23,480.8132898249779
2016_10_31,591.3663601305251
2016_11_08,517.0297834470484
2016_11_16,653.7968555324827
2016_11_24,619.2341145060813
2016_12_02,587.7364580243251
2016_12_10,566.7792939780481
2016_12_18,550.7309403737762
2016_12_26,526.2982497775141
2017_01_01,558.7432215959655
2017_01_09,614.3485019282114
2017_01_17,667.8587362800354
2017_01_25,626.5216256303768
2017_02_02,561.8582023138538
2017_02_10,585.0912488875706
2017_02_18,543.7350341145061
2017_02_26,349.6653218629486
2017_03_06,356.46538119252455
2017_03_14,275.9184811628595
2017_03_22,361.5421536636013
2017_03_30,256.7760901809551
2017_04_07,297.3021061999407
2017_04_15,298.0932660931474
2017_04_23,242.32714328092558
2017_05_01,207.02865618510828
2017_05_09,171.39988134084845
2017_05_17,172.73313556808066
2017_05_25,165.37810738653224
2017_06_02,110.62100266983092
2017_06_10,116.97347967962025
2017_06_18,142.77276772471075
2017_06_26,134.35099377039452
2017_07_04,159.7226342331652
2017_07_12,150.90186888163748
2017_07_20,187.05897359833878
2017_07_28,190.21809552061706
2017_08_05,236.02319786413528
2017_08_13,251.65849896173248
2017_08_21,235.7679026994957
2017_08_29,327.40462770691187
2017_09_06,375.32275289231694
2017_09_14,388.78510827647585
2017_09_22,467.07813705132037
2017_09_30,367.7555028181548
2017_10_08,403.92815188371407
2017_10_16,398.1397804805696
2017_10_24,540.381311183625
2017_11_01,463.8545238801542
2017_11_09,519.9107683180066
2017_11_17,486.3070305547317
2017_11_25,522.8986650845445
2017_12_03,546.5673094037377
2017_12_11,667.6858498961734
2017_12_19,488.8990803915752
2017_12_27,355.9471966775438
2018_01_01,665.4555324829424
2018_01_09,534.5803025808365
2018_01_17,677.6029071492139
2018_01_25,496.44948086621184
2018_02_02,552.6199347374666
2018_02_10,613.9061406110947
2018_02_18,377.84188668051036
2018_02_26,453.1117175912192
2018_03_06,377.376742806289
2018_03_14,471.4002373183033
2018_03_22,359.90008899436367
2018_03_30,383.20350044497195
2018_04_07,384.0530999703352
2018_04_15,314.4370216552952
2018_04_23,214.98688816374965
2018_05_01,218.2876891130228
2018_05_09,174.07422129931774
2018_05_17,201.67878967665385
2018_05_25,163.98629486799172
2018_06_02,97.12156630080098
2018_06_10,139.26116879264305
2018_06_18,128.85185404924357
2018_06_26,127.09391871848113
2018_07_04,153.2120439038861
2018_07_12,212.3584692969445
2018_07_20,236.81441708691784
2018_07_28,222.90685256600415
2018_08_05,240.78611687926437
2018_08_13,275.6633639869474
2018_08_21,237.83423316523286
2018_08_29,249.03452981311187
2018_09_06,339.4659151587068
2018_09_14,395.6328685849898
2018_09_22,354.70958172649074
2018_09_30,333.86935627410276
2018_10_08,326.1738949866509
2018_10_16,431.593177098784
2018_10_24,484.1823197864136
2018_11_01,493.658380302581
2018_11_09,495.28834173835673
2018_11_17,521.9063779293978
2018_11_25,593.8759418570155
2018_12_03,617.401423909819
2018_12_11,491.51919311776913
2018_12_19,645.7611391278554
2018_12_27,448.987066152477
2019_01_01,667.4495429181999
2019_01_09,623.8052950255251
2019_01_17,582.0769915706992
2019_01_25,582.8241719102456
2019_02_02,603.0829276979698
2019_02_10,593.6830108037516
2019_02_18,466.210138905378
2019_02_26,478.347916419328
2019_03_06,441.9182595274842
2019_03_14,367.57550753888154
2019_03_22,375.24017570936724
2019_03_30,367.6247180339545
2019_04_07,332.1884720408405
2019_04_15,280.2913451264395
2019_04_23,291.60738454232455
2019_05_01,212.93137836875218
2019_05_09,216.46877597055666
2019_05_17,214.46450195892194
2019_05_25,189.4387391665677
2019_06_02,106.98136056037039
2019_06_10,162.1832482488424
2019_06_18,109.36744627804818
2019_06_26,158.5132375638133
2019_07_04,144.24884245518226
2019_07_12,182.75495666627089
2019_07_20,211.06517867743077
2019_07_28,188.99519173691078
2019_08_05,222.79817167280063
2019_08_13,295.20473702956184
2019_08_21,282.335391190787
2019_08_29,308.4784518580077
2019_09_06,358.049388578891
2019_09_14,322.6697138786654
2019_09_22,430.1690609046657
2019_09_30,420.7825002968061
2019_10_08,398.1030511694171
2019_10_16,539.0997269381454
2019_10_24,507.24189718627565
2019_11_01,562.4800546123705
2019_11_09,585.8188293957021
2019_11_17,471.67998337884353
2019_11_25,570.6812893268432
2019_12_03,625.4608215600139
2019_12_11,550.4092366140328
2019_12_19,491.1059598717796
2019_12_27,406.05853021488775
2020_01_01,602.2208832957381
2020_01_09,533.7324587439152
2020_01_17,520.1681111243024
2020_01_25,599.9355930191141
2020_02_02,334.44307253947517
2020_02_10,432.31669238988474
2020_02_18,419.8156832482488
2020_02_26,449.7909889588033
2020_03_05,340.6493529621276
2020_03_13,368.6910839368396
2020_03_21,306.83954647987645
2020_03_29,296.9379081087498
2020_04_06,244.7183307610115
2020_04_14,277.3299299536981
2020_04_22,260.25038584827246
2020_04_30,203.04297756143882
2020_05_08,183.75875578772403
2020_05_16,142.77116229371947
2020_05_24,134.83515374569632
2020_06_01,129.47156595037393
2020_06_09,137.66977323993822
2020_06_17,131.08185919506113
2020_06_25,145.05674937670665
2020_07_03,134.1070877359611
2020_07_11,96.9900866674581
2020_07_19,144.85029087023625
2020_07_27,164.56874035379317
2020_08_04,156.2858838893505
2020_08_12,228.95714116110648
2020_08_20,222.66027543630523
2020_08_28,310.71928054137476
2020_09_05,285.12697376231745
2020_09_13,343.5021370058174
2020_09_21,400.8470260002374
2020_09_29,415.95583521310687
2020_10_07,477.2376231746408
2020_10_15,406.3401994538762
2020_10_23,342.41570699275786
2020_10_31,477.0829276979697
2020_11_08,544.6060785943248
2020_11_16,611.72224860501
2020_11_24,661.8560489136884
2020_12_02,574.3866793304047
2020_12_10,407.5957497328742
2020_12_18,443.0464798765286
2020_12_26,365.71275080137707
2021_01_01,435.6806288935034
2021_01_09,627.8322159596559
2021_01_17,573.153188964699
2021_01_25,543.1969148620585
2021_02_02,477.42539305843974
2021_02_10,427.8940967072086
2021_02_18,418.14488282408774
2021_02_26,454.5497478493028
2021_03_06,353.9877187778108
2021_03_14,195.5363393651735
2021_03_22,331.540551765055
2021_03_30,298.34559477899734
2021_04_07,315.1016315633343
2021_04_15,254.15757935330768
2021_04_23,258.98534559477895
2021_05_01,175.14541679027
2021_05_09,159.94138237911596
2021_05_17,176.0708395134975
2021_05_25,139.2105013349154
2021_06_02,130.4612874517947
2021_06_10,135.15449421536633
2021_06_18,88.60177988727382
2021_06_26,97.54399288045093
2021_07_04,121.44669237614953
2021_07_12,137.5340255117176
2021_07_20,149.61631563334325
2021_07_28,184.41216256303764
2021_08_05,198.42521506971232
2021_08_13,236.2188074755266
2021_08_21,241.29866508454467
2021_08_29,284.4634233165233
2021_09_06,345.0589735983388
2021_09_14,276.72886383862357
2021_09_22,317.6973005043014
2021_09_30,376.9597152180361
2021_10_08,329.7248887570454
2021_10_16,449.4111539602492
2021_10_24,514.1435182438447
2021_11_01,428.26229605458326
2021_11_09,482.33117769207956
2021_11_17,346.6538712548207
2021_11_25,357.4986650845446
2021_12_03,469.3643429249481
2021_12_11,554.6648472263421
2021_12_19,551.1829724117472
2021_12_27,289.45404924354796
2022_01_01,621.1845149807177
2022_01_09,546.7070898843072
2022_01_17,441.6745772767725
2022_01_25,559.0032037970929
2022_02_02,431.2006526253337
2022_02_10,548.19590625927
2022_02_18,384.6277069118956
2022_02_26,329.32933847523003
2022_03_06,331.55366360130523
2022_03_14,415.1772174428953
2022_03_22,207.29961435775738
2022_03_30,279.0271136161376
2022_04_07,266.0486502521506
2022_04_15,282.6327499258381
2022_04_23,176.55318896469893
2022_05_01,212.14517947196686
2022_05_09,154.8267576386829
2022_05_17,128.08412933847524
2022_05_25,148.36096113912788
2022_06_02,121.14589142687633
2022_06_10,142.05072678730346
2022_06_18,134.4326312666864
2022_06_26,107.28033224562446
2022_07_04,95.03447048353608
2022_07_12,105.97383565707511
2022_07_20,134.13610204687032
2022_07_28,163.9206170275882
2022_08_05,143.3730643725897
2022_08_13,208.31521803619106
2022_08_21,226.85309997033517
2022_08_29,181.23251260753494
2022_09_06,275.00338178582024
2022_09_14,289.975556214773
2022_09_22,311.11978641352715
2022_09_30,285.31035301097586
2022_10_08,344.9937110649661
2022_10_16,265.0134678137052
2022_10_24,447.37164046277076
2022_11_01,490.6536932660932
2022_11_09,502.07570453871256
2022_11_17,598.3938297241174
2022_11_25,542.6460397508157
2022_12_03,541.0004153070306
2022_12_11,506.53930584396323
2022_12_19,538.8812221892612
2022_12_27,392.9903886087212
2023_01_01,569.6131711658263
2023_01_09,627.1796499555029
2023_01_17,534.3130228418867
2023_01_25,593.9428656185111
2023_02_02,565.9028181548503
2023_02_10,546.1724710768317
2023_02_18,488.6521506971226
2023_02_26,519.2697715811332
2023_03_06,470.54470483536045
2023_03_14,470.9773954316227
2023_03_22,320.49581726490663
2023_03_30,317.959774547612
2023_04_07,315.50489469000297
2023_04_15,270.964105606645
2023_04_23,240.5899139721151
2023_05_01,237.23031741323055
2023_05_09,190.05458320973003
2023_05_17,185.05885493918723
2023_05_25,165.77994660338175
2023_06_02,170.24348857905667
2023_06_10,161.42029071492126
2023_06_18,171.08329872441413
2023_06_26,134.67178878671015
2023_07_04,145.1910412340552
2023_07_12,177.07629783447052
2023_07_20,175.1304064075942
2023_07_28,225.45137941263727
2023_08_05,216.48976564817568
2023_08_13,218.80409374072977
2023_08_21,283.6206466923761
2023_08_29,294.16084247997634
2023_09_06,332.6342924948086
2023_09_14,461.5350341145063
2023_09_22,436.1611391278551
2023_09_30,495.1749035894394
2023_10_08,519.187422129932
2023_10_16,536.1453574606942
2023_10_24,460.1512904182736
2023_11_01,415.42824087807776
2023_11_09,548.6262236725005
2023_11_17,429.0810442005339
2023_11_25,489.3125482052805
2023_12_03,690.608899436369
2023_12_11,646.2911302284192
2023_12_19,413.51379412637215
2023_12_27,384.7374072975377
2024_01_01,557.1082764758233
2024_01_09,562.6240878077722
2024_01_17,622.4524473450015
2024_01_25,602.6749925838031
2024_02_02,477.19566894096727
2024_02_10,541.1808958765946
2024_02_18,430.2173242361319
2024_02_26,476.74013645802444
2024_03_05,471.76363097003855
2024_03_13,360.2730940373776
2024_03_21,384.24550578463374
2024_03_29,306.61180658558294
2024_04_06,313.3259566894096
2024_04_14,252.4271729457135
2024_04_22,222.66603381785825
2024_04_30,153.93776327499265
2024_05_08,170.98718481162854
2024_05_16,137.16689409670718
2024_05_24,166.08946900029667
2024_06_01,117.69522396914863
2024_06_09,116.5662414713735
2024_06_17,122.78154850192821
2024_06_25,126.66401661228123
2024_07_03,110.12773657668346
2024_07_11,128.63126668644318
2024_07_19,164.51527736576688
2024_07_27,126.42094334025516
2024_08_04,185.4287155146841
2024_08_12,155.66763571640462
2024_08_20,263.6894096707209
2024_08_28,339.12732126965295
2024_09_05,308.607178878671
2024_09_13,343.94547611984575
2024_09_21,288.9302284188668
2024_09_29,395.9982794423021
2024_10_07,351.3823197864135
2024_10_15,387.3607238208247
2024_10_23,485.1984574310293
2024_10_31,526.7164639572828
2024_11_08,485.4785523583508
2024_11_16,547.7730643725898
2024_11_24,524.4838326905963
2024_12_02,569.6841293384753
2024_12_10,699.0428952832987
2024_12_18,654.3525956689409
2024_12_26,484.6194007712846
2025_01_01,564.924710768318
2025_01_09,430.96024918421836
2025_01_17,492.6814001779888
2025_01_25,575.5497478493029
2025_02_02,584.7133788193414
2025_02_10,468.4090180955209
2025_02_18,515.6781370513202
2025_02_26,534.2437852269354
2025_03_06,354.7234055176505
2025_03_14,373.07813705132
2025_03_22,248.08816374962925
2025_03_30,326.81008602788495
2025_04_07,307.18000593295756
2025_04_15,267.77792939780477
2025_04_23,195.63464847226342
2025_05_01,207.72672797389507
2025_05_09,135.80783150400467
2025_05_17,116.45565114209434
2025_05_25,139.3770394541679
2025_06_02,111.2233165232869
2025_06_10,106.39115989320676
2025_06_18,149.63470780183923
2025_06_26,87.50519133788195
2025_07_04,148.15253633936518
2025_07_12,142.91705725304058
2025_07_20,148.3825571047167
2025_07_28,96.84556511420946
2025_08_05,149.1450014832394
2025_08_13,160.7921684959953
2025_08_21,231.76036784336998
2025_08_29,279.9972708395134
2025_09_06,271.2286561851082
2025_09_14,362.4943340255118
2025_09_22,369.2491248887569
2025_09_30,389.6114506081282
2025_10_08,496.92880450904784
2025_10_16,531.7924058142984
2025_10_24,422.80201720557704
2025_11_01,529.5130821714623
2025_11_09,555.7348561257784
2025_11_17,556.0386235538417
2025_11_25,643.5075645209134
2025_12_03,582.5537822604568
2025_12_11,538.8716701275584
2025_12_19,604.2420646692376
2025_12_27,348.05458320973
